<?xml version="1.0"?>
<manifest 	identifier="DigiTaKS*" 
			version="1.2" 
			xmlns="http://www.imsproject.org/xsd/imscp_rootv1p1p2" 
			xmlns:adlcp="http://www.adlnet.org/xsd/adlcp_rootv1p2" 
			xmlns:xsi="http://www.w3.org/2001/XMLSchema-instance" 
			xsi:schemaLocation="http://www.imsproject.org/xsd/imscp_rootv1p1p2 imscp_rootv1p1p2.xsd  http://www.imsglobal.org/xsd/imsmd_rootv1p2p1 imsmd_rootv1p2p1.xsd  http://www.adlnet.org/xsd/adlcp_rootv1p2 adlcp_rootv1p2.xsd">
	
	<metadata>
		<schema>ADL SCORM</schema>
		<schemaversion>1.2</schemaversion>
	</metadata>

	<organizations default="DigiTaKS*">
		<organization identifier="DigiTaKS*" structure="hierarchical">
			<title>ComDigiS** - Erwerb digitaler Kompetenzen im Selbststudium</title>
			<item identifier="Navigation" identifierref="Navigation" isvisible="true">
				<title>ComDigiS** - Navigation</title>
			</item>
		</organization>
	</organizations>

	<resources>
		<resource identifier="Navigation" type="webcontent" adlcp:scormtype="sco" href="index.html" />
	</resources>

</manifest>
